Segment,End Use,Construction Vintage,Start Fuel Share,End Fuel Share,Start Year,End Year,Interpolate Fuel Share,Customer Class
Multifamily - High Rise,Air Purifier,Existing,1.0,1.0,2021,2041,linear,Residential
Multifamily - High Rise,Air Purifier,New,1.0,1.0,2021,2041,linear,Residential
Multifamily - High Rise,Circulation - DHW,Existing,1.0,1.0,2021,2041,linear,Residential
Multifamily - High Rise,Circulation - DHW,New,1.0,1.0,2021,2041,linear,Residential
Multifamily - High Rise,Circulation - Hydronic Heating,Existing,1.0,1.0,2021,2041,linear,Residential
Multifamily - High Rise,Circulation - Hydronic Heating,New,1.0,1.0,2021,2041,linear,Residential
Multifamily - High Rise,Computer - Desktop,Existing,1.0,1.0,2021,2041,linear,Residential
Multifamily - High Rise,Computer - Desktop,New,1.0,1.0,2021,2041,linear,Residential
Multifamily - High Rise,Computer - Laptop,Existing,1.0,1.0,2021,2041,linear,Residential
Multifamily - High Rise,Computer - Laptop,New,1.0,1.0,2021,2041,linear,Residential
Multifamily - High Rise,Cooking Oven,Existing,0.9302325579999999,0.9302325579999999,2021,2041,linear,Residential
Multifamily - High Rise,Cooking Oven,New,0.9302325579999999,0.9302325579999999,2021,2041,linear,Residential
Multifamily - High Rise,Cooking Range,Existing,0.9302325579999999,0.9302325579999999,2021,2041,linear,Residential
Multifamily - High Rise,Cooking Range,New,0.9302325579999999,0.9302325579999999,2021,2041,linear,Residential
Multifamily - High Rise,Cool Central,Existing,1.0,1.0,2021,2041,linear,Residential
Multifamily - High Rise,Cool Central,New,1.0,1.0,2021,2041,linear,Residential
Multifamily - High Rise,Cool Room,Existing,1.0,1.0,2021,2041,linear,Residential
Multifamily - High Rise,Cool Room,New,1.0,1.0,2021,2041,linear,Residential
Multifamily - High Rise,Copier,Existing,1.0,1.0,2021,2041,linear,Residential
Multifamily - High Rise,Copier,New,1.0,1.0,2021,2041,linear,Residential
Multifamily - High Rise,DVD Player,Existing,1.0,1.0,2021,2041,linear,Residential
Multifamily - High Rise,DVD Player,New,1.0,1.0,2021,2041,linear,Residential
Multifamily - High Rise,Dryer,Existing,1.0,1.0,2021,2041,linear,Residential
Multifamily - High Rise,Dryer,New,1.0,1.0,2021,2041,linear,Residential
Multifamily - High Rise,Freezer,Existing,1.0,1.0,2021,2041,linear,Residential
Multifamily - High Rise,Freezer,New,1.0,1.0,2021,2041,linear,Residential
Multifamily - High Rise,Heat Central,Existing,0.0,0.0,2021,2041,linear,Residential
Multifamily - High Rise,Heat Central,New,0.0,1.0,2021,2041,linear,Residential
Multifamily - High Rise,Heat Pump,Existing,1.0,1.0,2021,2041,linear,Residential
Multifamily - High Rise,Heat Pump,New,1.0,1.0,2021,2041,linear,Residential
Multifamily - High Rise,Heat Room,Existing,0.9722222220000001,0.9722222220000001,2021,2041,linear,Residential
Multifamily - High Rise,Heat Room,New,0.9722222220000001,1.0,2021,2041,linear,Residential
Multifamily - High Rise,Home Audio System,Existing,1.0,1.0,2021,2041,linear,Residential
Multifamily - High Rise,Home Audio System,New,1.0,1.0,2021,2041,linear,Residential
Multifamily - High Rise,Lighting Exterior Standard,Existing,1.0,1.0,2021,2041,linear,Residential
Multifamily - High Rise,Lighting Exterior Standard,New,1.0,1.0,2021,2041,linear,Residential
Multifamily - High Rise,Lighting Interior Linear Fluorescent,Existing,1.0,1.0,2021,2041,linear,Residential
Multifamily - High Rise,Lighting Interior Linear Fluorescent,New,1.0,1.0,2021,2041,linear,Residential
Multifamily - High Rise,Lighting Interior Specialty,Existing,1.0,1.0,2021,2041,linear,Residential
Multifamily - High Rise,Lighting Interior Specialty,New,1.0,1.0,2021,2041,linear,Residential
Multifamily - High Rise,Lighting Interior Standard,Existing,1.0,1.0,2021,2041,linear,Residential
Multifamily - High Rise,Lighting Interior Standard,New,1.0,1.0,2021,2041,linear,Residential
Multifamily - High Rise,Microwave,Existing,1.0,1.0,2021,2041,linear,Residential
Multifamily - High Rise,Microwave,New,1.0,1.0,2021,2041,linear,Residential
Multifamily - High Rise,Monitor,Existing,1.0,1.0,2021,2041,linear,Residential
Multifamily - High Rise,Monitor,New,1.0,1.0,2021,2041,linear,Residential
Multifamily - High Rise,Multifunction Device,Existing,1.0,1.0,2021,2041,linear,Residential
Multifamily - High Rise,Multifunction Device,New,1.0,1.0,2021,2041,linear,Residential
Multifamily - High Rise,Other,Existing,1.0,1.0,2021,2041,linear,Residential
Multifamily - High Rise,Other,New,1.0,1.0,2021,2041,linear,Residential
Multifamily - High Rise,Plug Load Other,Existing,1.0,1.0,2021,2041,linear,Residential
Multifamily - High Rise,Plug Load Other,New,1.0,1.0,2021,2041,linear,Residential
Multifamily - High Rise,Printer,Existing,1.0,1.0,2021,2041,linear,Residential
Multifamily - High Rise,Printer,New,1.0,1.0,2021,2041,linear,Residential
Multifamily - High Rise,Refrigerator,Existing,1.0,1.0,2021,2041,linear,Residential
Multifamily - High Rise,Refrigerator,New,1.0,1.0,2021,2041,linear,Residential
Multifamily - High Rise,Set Top Box,Existing,1.0,1.0,2021,2041,linear,Residential
Multifamily - High Rise,Set Top Box,New,1.0,1.0,2021,2041,linear,Residential
Multifamily - High Rise,Television,Existing,1.0,1.0,2021,2041,linear,Residential
Multifamily - High Rise,Television,New,1.0,1.0,2021,2041,linear,Residential
Multifamily - High Rise,Ventilation - Air,Existing,1.0,1.0,2021,2041,linear,Residential
Multifamily - High Rise,Ventilation - Air,New,1.0,1.0,2021,2041,linear,Residential
Multifamily - High Rise,Waste Water,Existing,1.0,1.0,2021,2041,linear,Residential
Multifamily - High Rise,Waste Water,New,1.0,1.0,2021,2041,linear,Residential
Multifamily - High Rise,Water Heat GT 55 Gal,Existing,1.0,1.0,2021,2041,linear,Residential
Multifamily - High Rise,Water Heat GT 55 Gal,New,1.0,1.0,2021,2041,linear,Residential
Multifamily - High Rise,Water Heat LE 55 Gal,Existing,1.0,1.0,2021,2041,linear,Residential
Multifamily - High Rise,Water Heat LE 55 Gal,New,1.0,1.0,2021,2041,linear,Residential
Multifamily - High Rise Low Income,Air Purifier,Existing,1.0,1.0,2021,2041,linear,Residential
Multifamily - High Rise Low Income,Air Purifier,New,1.0,1.0,2021,2041,linear,Residential
Multifamily - High Rise Low Income,Circulation - DHW,Existing,1.0,1.0,2021,2041,linear,Residential
Multifamily - High Rise Low Income,Circulation - DHW,New,1.0,1.0,2021,2041,linear,Residential
Multifamily - High Rise Low Income,Circulation - Hydronic Heating,Existing,1.0,1.0,2021,2041,linear,Residential
Multifamily - High Rise Low Income,Circulation - Hydronic Heating,New,1.0,1.0,2021,2041,linear,Residential
Multifamily - High Rise Low Income,Computer - Desktop,Existing,1.0,1.0,2021,2041,linear,Residential
Multifamily - High Rise Low Income,Computer - Desktop,New,1.0,1.0,2021,2041,linear,Residential
Multifamily - High Rise Low Income,Computer - Laptop,Existing,1.0,1.0,2021,2041,linear,Residential
Multifamily - High Rise Low Income,Computer - Laptop,New,1.0,1.0,2021,2041,linear,Residential
Multifamily - High Rise Low Income,Cooking Oven,Existing,0.9302325579999999,0.9302325579999999,2021,2041,linear,Residential
Multifamily - High Rise Low Income,Cooking Oven,New,0.9302325579999999,0.9302325579999999,2021,2041,linear,Residential
Multifamily - High Rise Low Income,Cooking Range,Existing,0.9302325579999999,0.9302325579999999,2021,2041,linear,Residential
Multifamily - High Rise Low Income,Cooking Range,New,0.9302325579999999,0.9302325579999999,2021,2041,linear,Residential
Multifamily - High Rise Low Income,Cool Central,Existing,1.0,1.0,2021,2041,linear,Residential
Multifamily - High Rise Low Income,Cool Central,New,1.0,1.0,2021,2041,linear,Residential
Multifamily - High Rise Low Income,Cool Room,Existing,1.0,1.0,2021,2041,linear,Residential
Multifamily - High Rise Low Income,Cool Room,New,1.0,1.0,2021,2041,linear,Residential
Multifamily - High Rise Low Income,Copier,Existing,1.0,1.0,2021,2041,linear,Residential
Multifamily - High Rise Low Income,Copier,New,1.0,1.0,2021,2041,linear,Residential
Multifamily - High Rise Low Income,DVD Player,Existing,1.0,1.0,2021,2041,linear,Residential
Multifamily - High Rise Low Income,DVD Player,New,1.0,1.0,2021,2041,linear,Residential
Multifamily - High Rise Low Income,Dryer,Existing,1.0,1.0,2021,2041,linear,Residential
Multifamily - High Rise Low Income,Dryer,New,1.0,1.0,2021,2041,linear,Residential
Multifamily - High Rise Low Income,Freezer,Existing,1.0,1.0,2021,2041,linear,Residential
Multifamily - High Rise Low Income,Freezer,New,1.0,1.0,2021,2041,linear,Residential
Multifamily - High Rise Low Income,Heat Central,Existing,0.0,0.0,2021,2041,linear,Residential
Multifamily - High Rise Low Income,Heat Central,New,0.0,1.0,2021,2041,linear,Residential
Multifamily - High Rise Low Income,Heat Pump,Existing,1.0,1.0,2021,2041,linear,Residential
Multifamily - High Rise Low Income,Heat Pump,New,1.0,1.0,2021,2041,linear,Residential
Multifamily - High Rise Low Income,Heat Room,Existing,0.9722222220000001,0.9722222220000001,2021,2041,linear,Residential
Multifamily - High Rise Low Income,Heat Room,New,0.9722222220000001,1.0,2021,2041,linear,Residential
Multifamily - High Rise Low Income,Home Audio System,Existing,1.0,1.0,2021,2041,linear,Residential
Multifamily - High Rise Low Income,Home Audio System,New,1.0,1.0,2021,2041,linear,Residential
Multifamily - High Rise Low Income,Lighting Exterior Standard,Existing,1.0,1.0,2021,2041,linear,Residential
Multifamily - High Rise Low Income,Lighting Exterior Standard,New,1.0,1.0,2021,2041,linear,Residential
Multifamily - High Rise Low Income,Lighting Interior Linear Fluorescent,Existing,1.0,1.0,2021,2041,linear,Residential
Multifamily - High Rise Low Income,Lighting Interior Linear Fluorescent,New,1.0,1.0,2021,2041,linear,Residential
Multifamily - High Rise Low Income,Lighting Interior Specialty,Existing,1.0,1.0,2021,2041,linear,Residential
Multifamily - High Rise Low Income,Lighting Interior Specialty,New,1.0,1.0,2021,2041,linear,Residential
Multifamily - High Rise Low Income,Lighting Interior Standard,Existing,1.0,1.0,2021,2041,linear,Residential
Multifamily - High Rise Low Income,Lighting Interior Standard,New,1.0,1.0,2021,2041,linear,Residential
Multifamily - High Rise Low Income,Microwave,Existing,1.0,1.0,2021,2041,linear,Residential
Multifamily - High Rise Low Income,Microwave,New,1.0,1.0,2021,2041,linear,Residential
Multifamily - High Rise Low Income,Monitor,Existing,1.0,1.0,2021,2041,linear,Residential
Multifamily - High Rise Low Income,Monitor,New,1.0,1.0,2021,2041,linear,Residential
Multifamily - High Rise Low Income,Multifunction Device,Existing,1.0,1.0,2021,2041,linear,Residential
Multifamily - High Rise Low Income,Multifunction Device,New,1.0,1.0,2021,2041,linear,Residential
Multifamily - High Rise Low Income,Other,Existing,1.0,1.0,2021,2041,linear,Residential
Multifamily - High Rise Low Income,Other,New,1.0,1.0,2021,2041,linear,Residential
Multifamily - High Rise Low Income,Plug Load Other,Existing,1.0,1.0,2021,2041,linear,Residential
Multifamily - High Rise Low Income,Plug Load Other,New,1.0,1.0,2021,2041,linear,Residential
Multifamily - High Rise Low Income,Printer,Existing,1.0,1.0,2021,2041,linear,Residential
Multifamily - High Rise Low Income,Printer,New,1.0,1.0,2021,2041,linear,Residential
Multifamily - High Rise Low Income,Refrigerator,Existing,1.0,1.0,2021,2041,linear,Residential
Multifamily - High Rise Low Income,Refrigerator,New,1.0,1.0,2021,2041,linear,Residential
Multifamily - High Rise Low Income,Set Top Box,Existing,1.0,1.0,2021,2041,linear,Residential
Multifamily - High Rise Low Income,Set Top Box,New,1.0,1.0,2021,2041,linear,Residential
Multifamily - High Rise Low Income,Television,Existing,1.0,1.0,2021,2041,linear,Residential
Multifamily - High Rise Low Income,Television,New,1.0,1.0,2021,2041,linear,Residential
Multifamily - High Rise Low Income,Ventilation - Air,Existing,1.0,1.0,2021,2041,linear,Residential
Multifamily - High Rise Low Income,Ventilation - Air,New,1.0,1.0,2021,2041,linear,Residential
Multifamily - High Rise Low Income,Waste Water,Existing,1.0,1.0,2021,2041,linear,Residential
Multifamily - High Rise Low Income,Waste Water,New,1.0,1.0,2021,2041,linear,Residential
Multifamily - High Rise Low Income,Water Heat GT 55 Gal,Existing,1.0,1.0,2021,2041,linear,Residential
Multifamily - High Rise Low Income,Water Heat GT 55 Gal,New,1.0,1.0,2021,2041,linear,Residential
Multifamily - High Rise Low Income,Water Heat LE 55 Gal,Existing,1.0,1.0,2021,2041,linear,Residential
Multifamily - High Rise Low Income,Water Heat LE 55 Gal,New,1.0,1.0,2021,2041,linear,Residential
Multifamily - Low Rise,Air Purifier,Existing,1.0,1.0,2021,2041,linear,Residential
Multifamily - Low Rise,Air Purifier,New,1.0,1.0,2021,2041,linear,Residential
Multifamily - Low Rise,Circulation - DHW,Existing,1.0,1.0,2021,2041,linear,Residential
Multifamily - Low Rise,Circulation - DHW,New,1.0,1.0,2021,2041,linear,Residential
Multifamily - Low Rise,Circulation - Hydronic Heating,Existing,1.0,1.0,2021,2041,linear,Residential
Multifamily - Low Rise,Circulation - Hydronic Heating,New,1.0,1.0,2021,2041,linear,Residential
Multifamily - Low Rise,Computer - Desktop,Existing,1.0,1.0,2021,2041,linear,Residential
Multifamily - Low Rise,Computer - Desktop,New,1.0,1.0,2021,2041,linear,Residential
Multifamily - Low Rise,Computer - Laptop,Existing,1.0,1.0,2021,2041,linear,Residential
Multifamily - Low Rise,Computer - Laptop,New,1.0,1.0,2021,2041,linear,Residential
Multifamily - Low Rise,Cooking Oven,Existing,0.894736842,0.894736842,2021,2041,linear,Residential
Multifamily - Low Rise,Cooking Oven,New,0.894736842,0.894736842,2021,2041,linear,Residential
Multifamily - Low Rise,Cooking Range,Existing,0.894736842,0.894736842,2021,2041,linear,Residential
Multifamily - Low Rise,Cooking Range,New,0.894736842,0.894736842,2021,2041,linear,Residential
Multifamily - Low Rise,Cool Central,Existing,1.0,1.0,2021,2041,linear,Residential
Multifamily - Low Rise,Cool Central,New,1.0,1.0,2021,2041,linear,Residential
Multifamily - Low Rise,Cool Room,Existing,1.0,1.0,2021,2041,linear,Residential
Multifamily - Low Rise,Cool Room,New,1.0,1.0,2021,2041,linear,Residential
Multifamily - Low Rise,Copier,Existing,1.0,1.0,2021,2041,linear,Residential
Multifamily - Low Rise,Copier,New,1.0,1.0,2021,2041,linear,Residential
Multifamily - Low Rise,DVD Player,Existing,1.0,1.0,2021,2041,linear,Residential
Multifamily - Low Rise,DVD Player,New,1.0,1.0,2021,2041,linear,Residential
Multifamily - Low Rise,Dryer,Existing,1.0,1.0,2021,2041,linear,Residential
Multifamily - Low Rise,Dryer,New,1.0,1.0,2021,2041,linear,Residential
Multifamily - Low Rise,Freezer,Existing,1.0,1.0,2021,2041,linear,Residential
Multifamily - Low Rise,Freezer,New,1.0,1.0,2021,2041,linear,Residential
Multifamily - Low Rise,Heat Central,Existing,0.0,0.0,2021,2041,linear,Residential
Multifamily - Low Rise,Heat Central,New,0.0,0.0,2021,2041,linear,Residential
Multifamily - Low Rise,Heat Pump,Existing,1.0,1.0,2021,2041,linear,Residential
Multifamily - Low Rise,Heat Pump,New,1.0,1.0,2021,2041,linear,Residential
Multifamily - Low Rise,Heat Room,Existing,1.0,1.0,2021,2041,linear,Residential
Multifamily - Low Rise,Heat Room,New,1.0,1.0,2021,2041,linear,Residential
Multifamily - Low Rise,Home Audio System,Existing,1.0,1.0,2021,2041,linear,Residential
Multifamily - Low Rise,Home Audio System,New,1.0,1.0,2021,2041,linear,Residential
Multifamily - Low Rise,Lighting Exterior Standard,Existing,1.0,1.0,2021,2041,linear,Residential
Multifamily - Low Rise,Lighting Exterior Standard,New,1.0,1.0,2021,2041,linear,Residential
Multifamily - Low Rise,Lighting Interior Linear Fluorescent,Existing,1.0,1.0,2021,2041,linear,Residential
Multifamily - Low Rise,Lighting Interior Linear Fluorescent,New,1.0,1.0,2021,2041,linear,Residential
Multifamily - Low Rise,Lighting Interior Specialty,Existing,1.0,1.0,2021,2041,linear,Residential
Multifamily - Low Rise,Lighting Interior Specialty,New,1.0,1.0,2021,2041,linear,Residential
Multifamily - Low Rise,Lighting Interior Standard,Existing,1.0,1.0,2021,2041,linear,Residential
Multifamily - Low Rise,Lighting Interior Standard,New,1.0,1.0,2021,2041,linear,Residential
Multifamily - Low Rise,Microwave,Existing,1.0,1.0,2021,2041,linear,Residential
Multifamily - Low Rise,Microwave,New,1.0,1.0,2021,2041,linear,Residential
Multifamily - Low Rise,Monitor,Existing,1.0,1.0,2021,2041,linear,Residential
Multifamily - Low Rise,Monitor,New,1.0,1.0,2021,2041,linear,Residential
Multifamily - Low Rise,Multifunction Device,Existing,1.0,1.0,2021,2041,linear,Residential
Multifamily - Low Rise,Multifunction Device,New,1.0,1.0,2021,2041,linear,Residential
Multifamily - Low Rise,Other,Existing,1.0,1.0,2021,2041,linear,Residential
Multifamily - Low Rise,Other,New,1.0,1.0,2021,2041,linear,Residential
Multifamily - Low Rise,Plug Load Other,Existing,1.0,1.0,2021,2041,linear,Residential
Multifamily - Low Rise,Plug Load Other,New,1.0,1.0,2021,2041,linear,Residential
Multifamily - Low Rise,Printer,Existing,1.0,1.0,2021,2041,linear,Residential
Multifamily - Low Rise,Printer,New,1.0,1.0,2021,2041,linear,Residential
Multifamily - Low Rise,Refrigerator,Existing,1.0,1.0,2021,2041,linear,Residential
Multifamily - Low Rise,Refrigerator,New,1.0,1.0,2021,2041,linear,Residential
Multifamily - Low Rise,Set Top Box,Existing,1.0,1.0,2021,2041,linear,Residential
Multifamily - Low Rise,Set Top Box,New,1.0,1.0,2021,2041,linear,Residential
Multifamily - Low Rise,Television,Existing,1.0,1.0,2021,2041,linear,Residential
Multifamily - Low Rise,Television,New,1.0,1.0,2021,2041,linear,Residential
Multifamily - Low Rise,Ventilation - Air,Existing,1.0,1.0,2021,2041,linear,Residential
Multifamily - Low Rise,Ventilation - Air,New,1.0,1.0,2021,2041,linear,Residential
Multifamily - Low Rise,Waste Water,Existing,1.0,1.0,2021,2041,linear,Residential
Multifamily - Low Rise,Waste Water,New,1.0,1.0,2021,2041,linear,Residential
Multifamily - Low Rise,Water Heat GT 55 Gal,Existing,0.0,0.0,2021,2041,linear,Residential
Multifamily - Low Rise,Water Heat GT 55 Gal,New,0.0,0.0,2021,2041,linear,Residential
Multifamily - Low Rise,Water Heat LE 55 Gal,Existing,1.0,1.0,2021,2041,linear,Residential
Multifamily - Low Rise,Water Heat LE 55 Gal,New,1.0,1.0,2021,2041,linear,Residential
Multifamily - Low Rise Low Income,Air Purifier,Existing,1.0,1.0,2021,2041,linear,Residential
Multifamily - Low Rise Low Income,Air Purifier,New,1.0,1.0,2021,2041,linear,Residential
Multifamily - Low Rise Low Income,Circulation - DHW,Existing,1.0,1.0,2021,2041,linear,Residential
Multifamily - Low Rise Low Income,Circulation - DHW,New,1.0,1.0,2021,2041,linear,Residential
Multifamily - Low Rise Low Income,Circulation - Hydronic Heating,Existing,1.0,1.0,2021,2041,linear,Residential
Multifamily - Low Rise Low Income,Circulation - Hydronic Heating,New,1.0,1.0,2021,2041,linear,Residential
Multifamily - Low Rise Low Income,Computer - Desktop,Existing,1.0,1.0,2021,2041,linear,Residential
Multifamily - Low Rise Low Income,Computer - Desktop,New,1.0,1.0,2021,2041,linear,Residential
Multifamily - Low Rise Low Income,Computer - Laptop,Existing,1.0,1.0,2021,2041,linear,Residential
Multifamily - Low Rise Low Income,Computer - Laptop,New,1.0,1.0,2021,2041,linear,Residential
Multifamily - Low Rise Low Income,Cooking Oven,Existing,0.894736842,0.894736842,2021,2041,linear,Residential
Multifamily - Low Rise Low Income,Cooking Oven,New,0.894736842,0.894736842,2021,2041,linear,Residential
Multifamily - Low Rise Low Income,Cooking Range,Existing,0.894736842,0.894736842,2021,2041,linear,Residential
Multifamily - Low Rise Low Income,Cooking Range,New,0.894736842,0.894736842,2021,2041,linear,Residential
Multifamily - Low Rise Low Income,Cool Central,Existing,1.0,1.0,2021,2041,linear,Residential
Multifamily - Low Rise Low Income,Cool Central,New,1.0,1.0,2021,2041,linear,Residential
Multifamily - Low Rise Low Income,Cool Room,Existing,1.0,1.0,2021,2041,linear,Residential
Multifamily - Low Rise Low Income,Cool Room,New,1.0,1.0,2021,2041,linear,Residential
Multifamily - Low Rise Low Income,Copier,Existing,1.0,1.0,2021,2041,linear,Residential
Multifamily - Low Rise Low Income,Copier,New,1.0,1.0,2021,2041,linear,Residential
Multifamily - Low Rise Low Income,DVD Player,Existing,1.0,1.0,2021,2041,linear,Residential
Multifamily - Low Rise Low Income,DVD Player,New,1.0,1.0,2021,2041,linear,Residential
Multifamily - Low Rise Low Income,Dryer,Existing,1.0,1.0,2021,2041,linear,Residential
Multifamily - Low Rise Low Income,Dryer,New,1.0,1.0,2021,2041,linear,Residential
Multifamily - Low Rise Low Income,Freezer,Existing,1.0,1.0,2021,2041,linear,Residential
Multifamily - Low Rise Low Income,Freezer,New,1.0,1.0,2021,2041,linear,Residential
Multifamily - Low Rise Low Income,Heat Central,Existing,0.0,0.0,2021,2041,linear,Residential
Multifamily - Low Rise Low Income,Heat Central,New,0.0,0.0,2021,2041,linear,Residential
Multifamily - Low Rise Low Income,Heat Pump,Existing,1.0,1.0,2021,2041,linear,Residential
Multifamily - Low Rise Low Income,Heat Pump,New,1.0,1.0,2021,2041,linear,Residential
Multifamily - Low Rise Low Income,Heat Room,Existing,1.0,1.0,2021,2041,linear,Residential
Multifamily - Low Rise Low Income,Heat Room,New,1.0,1.0,2021,2041,linear,Residential
Multifamily - Low Rise Low Income,Home Audio System,Existing,1.0,1.0,2021,2041,linear,Residential
Multifamily - Low Rise Low Income,Home Audio System,New,1.0,1.0,2021,2041,linear,Residential
Multifamily - Low Rise Low Income,Lighting Exterior Standard,Existing,1.0,1.0,2021,2041,linear,Residential
Multifamily - Low Rise Low Income,Lighting Exterior Standard,New,1.0,1.0,2021,2041,linear,Residential
Multifamily - Low Rise Low Income,Lighting Interior Linear Fluorescent,Existing,1.0,1.0,2021,2041,linear,Residential
Multifamily - Low Rise Low Income,Lighting Interior Linear Fluorescent,New,1.0,1.0,2021,2041,linear,Residential
Multifamily - Low Rise Low Income,Lighting Interior Specialty,Existing,1.0,1.0,2021,2041,linear,Residential
Multifamily - Low Rise Low Income,Lighting Interior Specialty,New,1.0,1.0,2021,2041,linear,Residential
Multifamily - Low Rise Low Income,Lighting Interior Standard,Existing,1.0,1.0,2021,2041,linear,Residential
Multifamily - Low Rise Low Income,Lighting Interior Standard,New,1.0,1.0,2021,2041,linear,Residential
Multifamily - Low Rise Low Income,Microwave,Existing,1.0,1.0,2021,2041,linear,Residential
Multifamily - Low Rise Low Income,Microwave,New,1.0,1.0,2021,2041,linear,Residential
Multifamily - Low Rise Low Income,Monitor,Existing,1.0,1.0,2021,2041,linear,Residential
Multifamily - Low Rise Low Income,Monitor,New,1.0,1.0,2021,2041,linear,Residential
Multifamily - Low Rise Low Income,Multifunction Device,Existing,1.0,1.0,2021,2041,linear,Residential
Multifamily - Low Rise Low Income,Multifunction Device,New,1.0,1.0,2021,2041,linear,Residential
Multifamily - Low Rise Low Income,Other,Existing,1.0,1.0,2021,2041,linear,Residential
Multifamily - Low Rise Low Income,Other,New,1.0,1.0,2021,2041,linear,Residential
Multifamily - Low Rise Low Income,Plug Load Other,Existing,1.0,1.0,2021,2041,linear,Residential
Multifamily - Low Rise Low Income,Plug Load Other,New,1.0,1.0,2021,2041,linear,Residential
Multifamily - Low Rise Low Income,Printer,Existing,1.0,1.0,2021,2041,linear,Residential
Multifamily - Low Rise Low Income,Printer,New,1.0,1.0,2021,2041,linear,Residential
Multifamily - Low Rise Low Income,Refrigerator,Existing,1.0,1.0,2021,2041,linear,Residential
Multifamily - Low Rise Low Income,Refrigerator,New,1.0,1.0,2021,2041,linear,Residential
Multifamily - Low Rise Low Income,Set Top Box,Existing,1.0,1.0,2021,2041,linear,Residential
Multifamily - Low Rise Low Income,Set Top Box,New,1.0,1.0,2021,2041,linear,Residential
Multifamily - Low Rise Low Income,Television,Existing,1.0,1.0,2021,2041,linear,Residential
Multifamily - Low Rise Low Income,Television,New,1.0,1.0,2021,2041,linear,Residential
Multifamily - Low Rise Low Income,Ventilation - Air,Existing,1.0,1.0,2021,2041,linear,Residential
Multifamily - Low Rise Low Income,Ventilation - Air,New,1.0,1.0,2021,2041,linear,Residential
Multifamily - Low Rise Low Income,Waste Water,Existing,1.0,1.0,2021,2041,linear,Residential
Multifamily - Low Rise Low Income,Waste Water,New,1.0,1.0,2021,2041,linear,Residential
Multifamily - Low Rise Low Income,Water Heat GT 55 Gal,Existing,0.0,0.0,2021,2041,linear,Residential
Multifamily - Low Rise Low Income,Water Heat GT 55 Gal,New,0.0,0.0,2021,2041,linear,Residential
Multifamily - Low Rise Low Income,Water Heat LE 55 Gal,Existing,1.0,1.0,2021,2041,linear,Residential
Multifamily - Low Rise Low Income,Water Heat LE 55 Gal,New,1.0,1.0,2021,2041,linear,Residential
Multifamily - Mid Rise,Air Purifier,Existing,1.0,1.0,2021,2041,linear,Residential
Multifamily - Mid Rise,Air Purifier,New,1.0,1.0,2021,2041,linear,Residential
Multifamily - Mid Rise,Circulation - DHW,Existing,1.0,1.0,2021,2041,linear,Residential
Multifamily - Mid Rise,Circulation - DHW,New,1.0,1.0,2021,2041,linear,Residential
Multifamily - Mid Rise,Circulation - Hydronic Heating,Existing,1.0,1.0,2021,2041,linear,Residential
Multifamily - Mid Rise,Circulation - Hydronic Heating,New,1.0,1.0,2021,2041,linear,Residential
Multifamily - Mid Rise,Computer - Desktop,Existing,1.0,1.0,2021,2041,linear,Residential
Multifamily - Mid Rise,Computer - Desktop,New,1.0,1.0,2021,2041,linear,Residential
Multifamily - Mid Rise,Computer - Laptop,Existing,1.0,1.0,2021,2041,linear,Residential
Multifamily - Mid Rise,Computer - Laptop,New,1.0,1.0,2021,2041,linear,Residential
Multifamily - Mid Rise,Cooking Oven,Existing,0.9302325579999999,0.9302325579999999,2021,2041,linear,Residential
Multifamily - Mid Rise,Cooking Oven,New,0.9302325579999999,0.9302325579999999,2021,2041,linear,Residential
Multifamily - Mid Rise,Cooking Range,Existing,0.9302325579999999,0.9302325579999999,2021,2041,linear,Residential
Multifamily - Mid Rise,Cooking Range,New,0.9302325579999999,0.9302325579999999,2021,2041,linear,Residential
Multifamily - Mid Rise,Cool Central,Existing,1.0,1.0,2021,2041,linear,Residential
Multifamily - Mid Rise,Cool Central,New,1.0,1.0,2021,2041,linear,Residential
Multifamily - Mid Rise,Cool Room,Existing,1.0,1.0,2021,2041,linear,Residential
Multifamily - Mid Rise,Cool Room,New,1.0,1.0,2021,2041,linear,Residential
Multifamily - Mid Rise,Copier,Existing,1.0,1.0,2021,2041,linear,Residential
Multifamily - Mid Rise,Copier,New,1.0,1.0,2021,2041,linear,Residential
Multifamily - Mid Rise,DVD Player,Existing,1.0,1.0,2021,2041,linear,Residential
Multifamily - Mid Rise,DVD Player,New,1.0,1.0,2021,2041,linear,Residential
Multifamily - Mid Rise,Dryer,Existing,1.0,1.0,2021,2041,linear,Residential
Multifamily - Mid Rise,Dryer,New,1.0,1.0,2021,2041,linear,Residential
Multifamily - Mid Rise,Freezer,Existing,1.0,1.0,2021,2041,linear,Residential
Multifamily - Mid Rise,Freezer,New,1.0,1.0,2021,2041,linear,Residential
Multifamily - Mid Rise,Heat Central,Existing,0.0,0.0,2021,2041,linear,Residential
Multifamily - Mid Rise,Heat Central,New,0.0,1.0,2021,2041,linear,Residential
Multifamily - Mid Rise,Heat Pump,Existing,1.0,1.0,2021,2041,linear,Residential
Multifamily - Mid Rise,Heat Pump,New,1.0,1.0,2021,2041,linear,Residential
Multifamily - Mid Rise,Heat Room,Existing,0.9722222220000001,0.9722222220000001,2021,2041,linear,Residential
Multifamily - Mid Rise,Heat Room,New,0.9722222220000001,1.0,2021,2041,linear,Residential
Multifamily - Mid Rise,Home Audio System,Existing,1.0,1.0,2021,2041,linear,Residential
Multifamily - Mid Rise,Home Audio System,New,1.0,1.0,2021,2041,linear,Residential
Multifamily - Mid Rise,Lighting Exterior Standard,Existing,1.0,1.0,2021,2041,linear,Residential
Multifamily - Mid Rise,Lighting Exterior Standard,New,1.0,1.0,2021,2041,linear,Residential
Multifamily - Mid Rise,Lighting Interior Linear Fluorescent,Existing,1.0,1.0,2021,2041,linear,Residential
Multifamily - Mid Rise,Lighting Interior Linear Fluorescent,New,1.0,1.0,2021,2041,linear,Residential
Multifamily - Mid Rise,Lighting Interior Specialty,Existing,1.0,1.0,2021,2041,linear,Residential
Multifamily - Mid Rise,Lighting Interior Specialty,New,1.0,1.0,2021,2041,linear,Residential
Multifamily - Mid Rise,Lighting Interior Standard,Existing,1.0,1.0,2021,2041,linear,Residential
Multifamily - Mid Rise,Lighting Interior Standard,New,1.0,1.0,2021,2041,linear,Residential
Multifamily - Mid Rise,Microwave,Existing,1.0,1.0,2021,2041,linear,Residential
Multifamily - Mid Rise,Microwave,New,1.0,1.0,2021,2041,linear,Residential
Multifamily - Mid Rise,Monitor,Existing,1.0,1.0,2021,2041,linear,Residential
Multifamily - Mid Rise,Monitor,New,1.0,1.0,2021,2041,linear,Residential
Multifamily - Mid Rise,Multifunction Device,Existing,1.0,1.0,2021,2041,linear,Residential
Multifamily - Mid Rise,Multifunction Device,New,1.0,1.0,2021,2041,linear,Residential
Multifamily - Mid Rise,Other,Existing,1.0,1.0,2021,2041,linear,Residential
Multifamily - Mid Rise,Other,New,1.0,1.0,2021,2041,linear,Residential
Multifamily - Mid Rise,Plug Load Other,Existing,1.0,1.0,2021,2041,linear,Residential
Multifamily - Mid Rise,Plug Load Other,New,1.0,1.0,2021,2041,linear,Residential
Multifamily - Mid Rise,Printer,Existing,1.0,1.0,2021,2041,linear,Residential
Multifamily - Mid Rise,Printer,New,1.0,1.0,2021,2041,linear,Residential
Multifamily - Mid Rise,Refrigerator,Existing,1.0,1.0,2021,2041,linear,Residential
Multifamily - Mid Rise,Refrigerator,New,1.0,1.0,2021,2041,linear,Residential
Multifamily - Mid Rise,Set Top Box,Existing,1.0,1.0,2021,2041,linear,Residential
Multifamily - Mid Rise,Set Top Box,New,1.0,1.0,2021,2041,linear,Residential
Multifamily - Mid Rise,Television,Existing,1.0,1.0,2021,2041,linear,Residential
Multifamily - Mid Rise,Television,New,1.0,1.0,2021,2041,linear,Residential
Multifamily - Mid Rise,Ventilation - Air,Existing,1.0,1.0,2021,2041,linear,Residential
Multifamily - Mid Rise,Ventilation - Air,New,1.0,1.0,2021,2041,linear,Residential
Multifamily - Mid Rise,Waste Water,Existing,1.0,1.0,2021,2041,linear,Residential
Multifamily - Mid Rise,Waste Water,New,1.0,1.0,2021,2041,linear,Residential
Multifamily - Mid Rise,Water Heat GT 55 Gal,Existing,1.0,1.0,2021,2041,linear,Residential
Multifamily - Mid Rise,Water Heat GT 55 Gal,New,1.0,1.0,2021,2041,linear,Residential
Multifamily - Mid Rise,Water Heat LE 55 Gal,Existing,1.0,1.0,2021,2041,linear,Residential
Multifamily - Mid Rise,Water Heat LE 55 Gal,New,1.0,1.0,2021,2041,linear,Residential
Multifamily - Mid Rise Low Income,Air Purifier,Existing,1.0,1.0,2021,2041,linear,Residential
Multifamily - Mid Rise Low Income,Air Purifier,New,1.0,1.0,2021,2041,linear,Residential
Multifamily - Mid Rise Low Income,Circulation - DHW,Existing,1.0,1.0,2021,2041,linear,Residential
Multifamily - Mid Rise Low Income,Circulation - DHW,New,1.0,1.0,2021,2041,linear,Residential
Multifamily - Mid Rise Low Income,Circulation - Hydronic Heating,Existing,1.0,1.0,2021,2041,linear,Residential
Multifamily - Mid Rise Low Income,Circulation - Hydronic Heating,New,1.0,1.0,2021,2041,linear,Residential
Multifamily - Mid Rise Low Income,Computer - Desktop,Existing,1.0,1.0,2021,2041,linear,Residential
Multifamily - Mid Rise Low Income,Computer - Desktop,New,1.0,1.0,2021,2041,linear,Residential
Multifamily - Mid Rise Low Income,Computer - Laptop,Existing,1.0,1.0,2021,2041,linear,Residential
Multifamily - Mid Rise Low Income,Computer - Laptop,New,1.0,1.0,2021,2041,linear,Residential
Multifamily - Mid Rise Low Income,Cooking Oven,Existing,0.9302325579999999,0.9302325579999999,2021,2041,linear,Residential
Multifamily - Mid Rise Low Income,Cooking Oven,New,0.9302325579999999,0.9302325579999999,2021,2041,linear,Residential
Multifamily - Mid Rise Low Income,Cooking Range,Existing,0.9302325579999999,0.9302325579999999,2021,2041,linear,Residential
Multifamily - Mid Rise Low Income,Cooking Range,New,0.9302325579999999,0.9302325579999999,2021,2041,linear,Residential
Multifamily - Mid Rise Low Income,Cool Central,Existing,1.0,1.0,2021,2041,linear,Residential
Multifamily - Mid Rise Low Income,Cool Central,New,1.0,1.0,2021,2041,linear,Residential
Multifamily - Mid Rise Low Income,Cool Room,Existing,1.0,1.0,2021,2041,linear,Residential
Multifamily - Mid Rise Low Income,Cool Room,New,1.0,1.0,2021,2041,linear,Residential
Multifamily - Mid Rise Low Income,Copier,Existing,1.0,1.0,2021,2041,linear,Residential
Multifamily - Mid Rise Low Income,Copier,New,1.0,1.0,2021,2041,linear,Residential
Multifamily - Mid Rise Low Income,DVD Player,Existing,1.0,1.0,2021,2041,linear,Residential
Multifamily - Mid Rise Low Income,DVD Player,New,1.0,1.0,2021,2041,linear,Residential
Multifamily - Mid Rise Low Income,Dryer,Existing,1.0,1.0,2021,2041,linear,Residential
Multifamily - Mid Rise Low Income,Dryer,New,1.0,1.0,2021,2041,linear,Residential
Multifamily - Mid Rise Low Income,Freezer,Existing,1.0,1.0,2021,2041,linear,Residential
Multifamily - Mid Rise Low Income,Freezer,New,1.0,1.0,2021,2041,linear,Residential
Multifamily - Mid Rise Low Income,Heat Central,Existing,0.0,0.0,2021,2041,linear,Residential
Multifamily - Mid Rise Low Income,Heat Central,New,0.0,1.0,2021,2041,linear,Residential
Multifamily - Mid Rise Low Income,Heat Pump,Existing,1.0,1.0,2021,2041,linear,Residential
Multifamily - Mid Rise Low Income,Heat Pump,New,1.0,1.0,2021,2041,linear,Residential
Multifamily - Mid Rise Low Income,Heat Room,Existing,0.9722222220000001,0.9722222220000001,2021,2041,linear,Residential
Multifamily - Mid Rise Low Income,Heat Room,New,0.9722222220000001,1.0,2021,2041,linear,Residential
Multifamily - Mid Rise Low Income,Home Audio System,Existing,1.0,1.0,2021,2041,linear,Residential
Multifamily - Mid Rise Low Income,Home Audio System,New,1.0,1.0,2021,2041,linear,Residential
Multifamily - Mid Rise Low Income,Lighting Exterior Standard,Existing,1.0,1.0,2021,2041,linear,Residential
Multifamily - Mid Rise Low Income,Lighting Exterior Standard,New,1.0,1.0,2021,2041,linear,Residential
Multifamily - Mid Rise Low Income,Lighting Interior Linear Fluorescent,Existing,1.0,1.0,2021,2041,linear,Residential
Multifamily - Mid Rise Low Income,Lighting Interior Linear Fluorescent,New,1.0,1.0,2021,2041,linear,Residential
Multifamily - Mid Rise Low Income,Lighting Interior Specialty,Existing,1.0,1.0,2021,2041,linear,Residential
Multifamily - Mid Rise Low Income,Lighting Interior Specialty,New,1.0,1.0,2021,2041,linear,Residential
Multifamily - Mid Rise Low Income,Lighting Interior Standard,Existing,1.0,1.0,2021,2041,linear,Residential
Multifamily - Mid Rise Low Income,Lighting Interior Standard,New,1.0,1.0,2021,2041,linear,Residential
Multifamily - Mid Rise Low Income,Microwave,Existing,1.0,1.0,2021,2041,linear,Residential
Multifamily - Mid Rise Low Income,Microwave,New,1.0,1.0,2021,2041,linear,Residential
Multifamily - Mid Rise Low Income,Monitor,Existing,1.0,1.0,2021,2041,linear,Residential
Multifamily - Mid Rise Low Income,Monitor,New,1.0,1.0,2021,2041,linear,Residential
Multifamily - Mid Rise Low Income,Multifunction Device,Existing,1.0,1.0,2021,2041,linear,Residential
Multifamily - Mid Rise Low Income,Multifunction Device,New,1.0,1.0,2021,2041,linear,Residential
Multifamily - Mid Rise Low Income,Other,Existing,1.0,1.0,2021,2041,linear,Residential
Multifamily - Mid Rise Low Income,Other,New,1.0,1.0,2021,2041,linear,Residential
Multifamily - Mid Rise Low Income,Plug Load Other,Existing,1.0,1.0,2021,2041,linear,Residential
Multifamily - Mid Rise Low Income,Plug Load Other,New,1.0,1.0,2021,2041,linear,Residential
Multifamily - Mid Rise Low Income,Printer,Existing,1.0,1.0,2021,2041,linear,Residential
Multifamily - Mid Rise Low Income,Printer,New,1.0,1.0,2021,2041,linear,Residential
Multifamily - Mid Rise Low Income,Refrigerator,Existing,1.0,1.0,2021,2041,linear,Residential
Multifamily - Mid Rise Low Income,Refrigerator,New,1.0,1.0,2021,2041,linear,Residential
Multifamily - Mid Rise Low Income,Set Top Box,Existing,1.0,1.0,2021,2041,linear,Residential
Multifamily - Mid Rise Low Income,Set Top Box,New,1.0,1.0,2021,2041,linear,Residential
Multifamily - Mid Rise Low Income,Television,Existing,1.0,1.0,2021,2041,linear,Residential
Multifamily - Mid Rise Low Income,Television,New,1.0,1.0,2021,2041,linear,Residential
Multifamily - Mid Rise Low Income,Ventilation - Air,Existing,1.0,1.0,2021,2041,linear,Residential
Multifamily - Mid Rise Low Income,Ventilation - Air,New,1.0,1.0,2021,2041,linear,Residential
Multifamily - Mid Rise Low Income,Waste Water,Existing,1.0,1.0,2021,2041,linear,Residential
Multifamily - Mid Rise Low Income,Waste Water,New,1.0,1.0,2021,2041,linear,Residential
Multifamily - Mid Rise Low Income,Water Heat GT 55 Gal,Existing,1.0,1.0,2021,2041,linear,Residential
Multifamily - Mid Rise Low Income,Water Heat GT 55 Gal,New,1.0,1.0,2021,2041,linear,Residential
Multifamily - Mid Rise Low Income,Water Heat LE 55 Gal,Existing,1.0,1.0,2021,2041,linear,Residential
Multifamily - Mid Rise Low Income,Water Heat LE 55 Gal,New,1.0,1.0,2021,2041,linear,Residential
Single Family,Air Purifier,Existing,1.0,1.0,2021,2041,linear,Residential
Single Family,Air Purifier,New,1.0,1.0,2021,2041,linear,Residential
Single Family,Circulation - DHW,Existing,1.0,1.0,2021,2041,linear,Residential
Single Family,Circulation - DHW,New,1.0,1.0,2021,2041,linear,Residential
Single Family,Circulation - Hydronic Heating,Existing,1.0,1.0,2021,2041,linear,Residential
Single Family,Circulation - Hydronic Heating,New,1.0,1.0,2021,2041,linear,Residential
Single Family,Computer - Desktop,Existing,1.0,1.0,2021,2041,linear,Residential
Single Family,Computer - Desktop,New,1.0,1.0,2021,2041,linear,Residential
Single Family,Computer - Laptop,Existing,1.0,1.0,2021,2041,linear,Residential
Single Family,Computer - Laptop,New,1.0,1.0,2021,2041,linear,Residential
Single Family,Cooking Oven,Existing,0.8087431690000001,0.8087431690000001,2021,2041,linear,Residential
Single Family,Cooking Oven,New,0.8087431690000001,0.8087431690000001,2021,2041,linear,Residential
Single Family,Cooking Range,Existing,0.7555555559999999,0.7555555559999999,2021,2041,linear,Residential
Single Family,Cooking Range,New,0.7555555559999999,0.7555555559999999,2021,2041,linear,Residential
Single Family,Cool Central,Existing,1.0,1.0,2021,2041,linear,Residential
Single Family,Cool Central,New,1.0,1.0,2021,2041,linear,Residential
Single Family,Cool Room,Existing,1.0,1.0,2021,2041,linear,Residential
Single Family,Cool Room,New,1.0,1.0,2021,2041,linear,Residential
Single Family,Copier,Existing,1.0,1.0,2021,2041,linear,Residential
Single Family,Copier,New,1.0,1.0,2021,2041,linear,Residential
Single Family,DVD Player,Existing,1.0,1.0,2021,2041,linear,Residential
Single Family,DVD Player,New,1.0,1.0,2021,2041,linear,Residential
Single Family,Dryer,Existing,0.8622754490000001,0.8622754490000001,2021,2041,linear,Residential
Single Family,Dryer,New,0.8622754490000001,0.8622754490000001,2021,2041,linear,Residential
Single Family,Freezer,Existing,1.0,1.0,2021,2041,linear,Residential
Single Family,Freezer,New,1.0,1.0,2021,2041,linear,Residential
Single Family,Heat Central,Existing,0.022034462999999997,0.00301324,2021,2041,linear,Residential
Single Family,Heat Central,New,0.1,0.1,2021,2041,linear,Residential
Single Family,Heat Pump,Existing,1.0,1.0,2021,2041,linear,Residential
Single Family,Heat Pump,New,1.0,1.0,2021,2041,linear,Residential
Single Family,Heat Room,Existing,0.704041632,0.704041632,2021,2041,linear,Residential
Single Family,Heat Room,New,0.704041632,0.704041632,2021,2041,linear,Residential
Single Family,Home Audio System,Existing,1.0,1.0,2021,2041,linear,Residential
Single Family,Home Audio System,New,1.0,1.0,2021,2041,linear,Residential
Single Family,Lighting Exterior Standard,Existing,1.0,1.0,2021,2041,linear,Residential
Single Family,Lighting Exterior Standard,New,1.0,1.0,2021,2041,linear,Residential
Single Family,Lighting Interior Linear Fluorescent,Existing,1.0,1.0,2021,2041,linear,Residential
Single Family,Lighting Interior Linear Fluorescent,New,1.0,1.0,2021,2041,linear,Residential
Single Family,Lighting Interior Specialty,Existing,1.0,1.0,2021,2041,linear,Residential
Single Family,Lighting Interior Specialty,New,1.0,1.0,2021,2041,linear,Residential
Single Family,Lighting Interior Standard,Existing,1.0,1.0,2021,2041,linear,Residential
Single Family,Lighting Interior Standard,New,1.0,1.0,2021,2041,linear,Residential
Single Family,Microwave,Existing,1.0,1.0,2021,2041,linear,Residential
Single Family,Microwave,New,1.0,1.0,2021,2041,linear,Residential
Single Family,Monitor,Existing,1.0,1.0,2021,2041,linear,Residential
Single Family,Monitor,New,1.0,1.0,2021,2041,linear,Residential
Single Family,Multifunction Device,Existing,1.0,1.0,2021,2041,linear,Residential
Single Family,Multifunction Device,New,1.0,1.0,2021,2041,linear,Residential
Single Family,Other,Existing,1.0,1.0,2021,2041,linear,Residential
Single Family,Other,New,1.0,1.0,2021,2041,linear,Residential
Single Family,Plug Load Other,Existing,1.0,1.0,2021,2041,linear,Residential
Single Family,Plug Load Other,New,1.0,1.0,2021,2041,linear,Residential
Single Family,Pool Pump,Existing,1.0,1.0,2021,2041,linear,Residential
Single Family,Pool Pump,New,1.0,1.0,2021,2041,linear,Residential
Single Family,Printer,Existing,1.0,1.0,2021,2041,linear,Residential
Single Family,Printer,New,1.0,1.0,2021,2041,linear,Residential
Single Family,Refrigerator,Existing,1.0,1.0,2021,2041,linear,Residential
Single Family,Refrigerator,New,1.0,1.0,2021,2041,linear,Residential
Single Family,Set Top Box,Existing,1.0,1.0,2021,2041,linear,Residential
Single Family,Set Top Box,New,1.0,1.0,2021,2041,linear,Residential
Single Family,Television,Existing,1.0,1.0,2021,2041,linear,Residential
Single Family,Television,New,1.0,1.0,2021,2041,linear,Residential
Single Family,Ventilation - Air,Existing,1.0,1.0,2021,2041,linear,Residential
Single Family,Ventilation - Air,New,1.0,1.0,2021,2041,linear,Residential
Single Family,Waste Water,Existing,1.0,1.0,2021,2041,linear,Residential
Single Family,Waste Water,New,1.0,1.0,2021,2041,linear,Residential
Single Family,Water Heat GT 55 Gal,Existing,0.88,0.88,2021,2041,linear,Residential
Single Family,Water Heat GT 55 Gal,New,0.88,0.88,2021,2041,linear,Residential
Single Family,Water Heat LE 55 Gal,Existing,0.637681159,0.637681159,2021,2041,linear,Residential
Single Family,Water Heat LE 55 Gal,New,0.637681159,0.637681159,2021,2041,linear,Residential
Single Family Low Income,Air Purifier,Existing,1.0,1.0,2021,2041,linear,Residential
Single Family Low Income,Air Purifier,New,1.0,1.0,2021,2041,linear,Residential
Single Family Low Income,Circulation - DHW,Existing,1.0,1.0,2021,2041,linear,Residential
Single Family Low Income,Circulation - DHW,New,1.0,1.0,2021,2041,linear,Residential
Single Family Low Income,Circulation - Hydronic Heating,Existing,1.0,1.0,2021,2041,linear,Residential
Single Family Low Income,Circulation - Hydronic Heating,New,1.0,1.0,2021,2041,linear,Residential
Single Family Low Income,Computer - Desktop,Existing,1.0,1.0,2021,2041,linear,Residential
Single Family Low Income,Computer - Desktop,New,1.0,1.0,2021,2041,linear,Residential
Single Family Low Income,Computer - Laptop,Existing,1.0,1.0,2021,2041,linear,Residential
Single Family Low Income,Computer - Laptop,New,1.0,1.0,2021,2041,linear,Residential
Single Family Low Income,Cooking Oven,Existing,0.8087431690000001,0.8087431690000001,2021,2041,linear,Residential
Single Family Low Income,Cooking Oven,New,0.8087431690000001,0.8087431690000001,2021,2041,linear,Residential
Single Family Low Income,Cooking Range,Existing,0.7555555559999999,0.7555555559999999,2021,2041,linear,Residential
Single Family Low Income,Cooking Range,New,0.7555555559999999,0.7555555559999999,2021,2041,linear,Residential
Single Family Low Income,Cool Central,Existing,1.0,1.0,2021,2041,linear,Residential
Single Family Low Income,Cool Central,New,1.0,1.0,2021,2041,linear,Residential
Single Family Low Income,Cool Room,Existing,1.0,1.0,2021,2041,linear,Residential
Single Family Low Income,Cool Room,New,1.0,1.0,2021,2041,linear,Residential
Single Family Low Income,Copier,Existing,1.0,1.0,2021,2041,linear,Residential
Single Family Low Income,Copier,New,1.0,1.0,2021,2041,linear,Residential
Single Family Low Income,DVD Player,Existing,1.0,1.0,2021,2041,linear,Residential
Single Family Low Income,DVD Player,New,1.0,1.0,2021,2041,linear,Residential
Single Family Low Income,Dryer,Existing,0.8622754490000001,0.8622754490000001,2021,2041,linear,Residential
Single Family Low Income,Dryer,New,0.8622754490000001,0.8622754490000001,2021,2041,linear,Residential
Single Family Low Income,Freezer,Existing,1.0,1.0,2021,2041,linear,Residential
Single Family Low Income,Freezer,New,1.0,1.0,2021,2041,linear,Residential
Single Family Low Income,Heat Central,Existing,0.022034462999999997,0.00301324,2021,2041,linear,Residential
Single Family Low Income,Heat Central,New,0.1,0.1,2021,2041,linear,Residential
Single Family Low Income,Heat Pump,Existing,1.0,1.0,2021,2041,linear,Residential
Single Family Low Income,Heat Pump,New,1.0,1.0,2021,2041,linear,Residential
Single Family Low Income,Heat Room,Existing,0.704041632,0.704041632,2021,2041,linear,Residential
Single Family Low Income,Heat Room,New,0.704041632,0.704041632,2021,2041,linear,Residential
Single Family Low Income,Home Audio System,Existing,1.0,1.0,2021,2041,linear,Residential
Single Family Low Income,Home Audio System,New,1.0,1.0,2021,2041,linear,Residential
Single Family Low Income,Lighting Exterior Standard,Existing,1.0,1.0,2021,2041,linear,Residential
Single Family Low Income,Lighting Exterior Standard,New,1.0,1.0,2021,2041,linear,Residential
Single Family Low Income,Lighting Interior Linear Fluorescent,Existing,1.0,1.0,2021,2041,linear,Residential
Single Family Low Income,Lighting Interior Linear Fluorescent,New,1.0,1.0,2021,2041,linear,Residential
Single Family Low Income,Lighting Interior Specialty,Existing,1.0,1.0,2021,2041,linear,Residential
Single Family Low Income,Lighting Interior Specialty,New,1.0,1.0,2021,2041,linear,Residential
Single Family Low Income,Lighting Interior Standard,Existing,1.0,1.0,2021,2041,linear,Residential
Single Family Low Income,Lighting Interior Standard,New,1.0,1.0,2021,2041,linear,Residential
Single Family Low Income,Microwave,Existing,1.0,1.0,2021,2041,linear,Residential
Single Family Low Income,Microwave,New,1.0,1.0,2021,2041,linear,Residential
Single Family Low Income,Monitor,Existing,1.0,1.0,2021,2041,linear,Residential
Single Family Low Income,Monitor,New,1.0,1.0,2021,2041,linear,Residential
Single Family Low Income,Multifunction Device,Existing,1.0,1.0,2021,2041,linear,Residential
Single Family Low Income,Multifunction Device,New,1.0,1.0,2021,2041,linear,Residential
Single Family Low Income,Other,Existing,1.0,1.0,2021,2041,linear,Residential
Single Family Low Income,Other,New,1.0,1.0,2021,2041,linear,Residential
Single Family Low Income,Plug Load Other,Existing,1.0,1.0,2021,2041,linear,Residential
Single Family Low Income,Plug Load Other,New,1.0,1.0,2021,2041,linear,Residential
Single Family Low Income,Pool Pump,Existing,1.0,1.0,2021,2041,linear,Residential
Single Family Low Income,Pool Pump,New,1.0,1.0,2021,2041,linear,Residential
Single Family Low Income,Printer,Existing,1.0,1.0,2021,2041,linear,Residential
Single Family Low Income,Printer,New,1.0,1.0,2021,2041,linear,Residential
Single Family Low Income,Refrigerator,Existing,1.0,1.0,2021,2041,linear,Residential
Single Family Low Income,Refrigerator,New,1.0,1.0,2021,2041,linear,Residential
Single Family Low Income,Set Top Box,Existing,1.0,1.0,2021,2041,linear,Residential
Single Family Low Income,Set Top Box,New,1.0,1.0,2021,2041,linear,Residential
Single Family Low Income,Television,Existing,1.0,1.0,2021,2041,linear,Residential
Single Family Low Income,Television,New,1.0,1.0,2021,2041,linear,Residential
Single Family Low Income,Ventilation - Air,Existing,1.0,1.0,2021,2041,linear,Residential
Single Family Low Income,Ventilation - Air,New,1.0,1.0,2021,2041,linear,Residential
Single Family Low Income,Waste Water,Existing,1.0,1.0,2021,2041,linear,Residential
Single Family Low Income,Waste Water,New,1.0,1.0,2021,2041,linear,Residential
Single Family Low Income,Water Heat GT 55 Gal,Existing,0.88,0.88,2021,2041,linear,Residential
Single Family Low Income,Water Heat GT 55 Gal,New,0.88,0.88,2021,2041,linear,Residential
Single Family Low Income,Water Heat LE 55 Gal,Existing,0.637681159,0.637681159,2021,2041,linear,Residential
Single Family Low Income,Water Heat LE 55 Gal,New,0.637681159,0.637681159,2021,2041,linear,Residential
